id,url,contract,agency_id,agency_url,agency_name,is_private_ad,is_new,is_luxury,formatted_price,price,bathrooms,bedrooms,floor,formatted_floor,total_floors,condition,rooms,has_elevators,surface,surface_formatted,type,caption,category,description,heating_type,air_conditioning,latitude,longitude,region,province,macrozone,microzone,city,country
106229613,https://www.immobiliare.it/annunci/106229613/,rent,agenzia,https://www.immobiliare.it/agenzie-immobiliari/384080/abitareco-milano-mp/,ABITARE CO.,0,0,0,€ 3.030/mese,3030,2,3,3,"3°, con ascensore",4 piani,Ottimo / Ristrutturato,4,1,115,115 m²,Appartamento,Elegante Quadrilocale Ristrutturato - Porta Nuova Milano,Residenziale,"In elegante stabile d'epoca dei primi del '900 – ristrutturato nelle parti comuni - con cortile privato e portineria, esclusivo QUADRILOCALE di circa 115 mq posto al 3° piano con ascensore, con affacci su Via Galileo Galilei. 
La proprietà è stata completamente ristrutturata e si presenta in ottime condizioni. 
Pavimenti gres porcellanato, serramenti con doppio vetro, aria condizionata. 
L'appartamento è così composto: ingresso su luminoso soggiorno con vista sulla Torre Diamante, cucina a vista, camera singola con cabina armadio, disimpegno notte, bagno con doccia, seconda camera singola, suite padronale con cabina armadio e bagno en suite. 
Arredato di cucina completa di elettrodomestici. 
Disponibile da fine ottobre 2023. 
Contratto di locazione ad uso abitativo 4+4. 
Per maggiori infor","centralizzato, a radiatori, alimentato a metano","autonomo, freddo/caldo",45.4797,9.1953,Lombardia,Milano,"Centrale, Repubblica",Repubblica,Milano,IT
106292431,https://www.immobiliare.it/annunci/106292431/,rent,agenzia,https://www.immobiliare.it/agenzie-immobiliari/73937/prestige-solutions-milano/,Prestige Solutions,0,0,0,€ 6.500/mese,6500,3,4,,"3 piani: Interrato (-1), da 8° a 9°, con ascensore",8 piani,Ottimo / Ristrutturato,5,1,294,294 m²,Attico - Mansarda,Attico e superattico Casoretto,Residenziale,"Proponiamo appartamento di rappresentanza di totali 300 mq (appena ristrutturato mai abitato dopo la ristrutturazione) in contesto signorile anni ‘60 con servizio di portineria tutto il giorno, posto all’ottavo e nono piano con ascensore, molto luminoso con una quadrupla esposizione.
Composto da; piano ottavo ingresso, soggiorno triplo con zona da pranzo, studio, cucina abitabile (arredata tutto nuovo), master bed room con cabina armadio, tre camere da letto, tre bagni, 2 balconi.
Nono piano troviamo una veranda e l’esclusivo terrazzo di 180 mq in affaccio con una vista mozzafiato su tutta Milano.
Completano la soluzione l'aria condizionata il riscaldamento centralizzato.

Libero subito
Si valutano anche contratti con società canone € 7.500 oltre spese

Prestige Solutions
3395430033","centralizzato, a radiatori, alimentato a metano","autonomo, freddo/caldo",45.4871,9.2201,Lombardia,Milano,"Città Studi, Susa",Casoretto,Milano,IT
106440489,https://www.immobiliare.it/annunci/106440489/,rent,agenzia,https://www.immobiliare.it/agenzie-immobiliari/73937/prestige-solutions-milano/,Prestige Solutions,0,0,0,€ 1.900/mese,1900,2,1,3,"3°, con ascensore",5 piani,Ottimo / Ristrutturato,2,1,65,65 m²,Appartamento,PAOLO SARPI APPARTAMENTO 65MQ DUE LOCALI,Residenziale,"Direttamente sul rinomato Paolo Sarpi, in elegante stabile d'epoca proponiamo appartamento di 65MQ  c. a. completamente RISTRUTTURATO NUOVO composto da ingresso, ampio soggiorno con splendida vista panoramica, cucina completamente attrezzata, camera, due bagni, ripostiglio in quota e cantina.
L'appartamento è completamente arredato, dotato di impianto di raffrescamento e ricircolo d'aria continuo. 
Riscaldamento autonomo, spese condominiali Euro 80,00 mensili.
Libero da subito 
Per visite contattare Prestige Solutions 3471098758
La planimetria e le immagini dell'immobile in oggetto non costituiscono elementi contrattuali.

Affermata realtà di intermediazione immobiliare, con esperienza decennale sviluppata a Milano e nell'hinterland milanese. Garantiamo l'ausilio di professionisti qualific","autonomo, a radiatori, alimentato a gas","autonomo, freddo",45.4817,9.1792,Lombardia,Milano,"Cenisio, Sarpi, Isola",Paolo Sarpi,Milano,IT
104265987,https://www.immobiliare.it/annunci/104265987/,rent,agenzia,https://www.immobiliare.it/agenzie-immobiliari/144698/frimm-dergano/,Frimm Affiliato Dergano - Mi,0,0,0,€ 2.250/mese,2250,2,2,3,"3°, con ascensore",3 piani,Ottimo / Ristrutturato,3,1,106,106 m²,Attico - Mansarda,SPENDIDA MANSARDA IN CONTESTO SIGNORILE IMMERSA NEL VERDE,Residenziale,"State cercando una casa dove vivere in completo relax pur vivendo in città?  Abbiamo l’occasione che fa per voi! In esclusivo e riservato contesto condominiale immerso nel verde con ampio giardino cintato con possibilità di parcheggio, proponiamo un'elegante e luminosa mansarda di circa 106 mq, recentemente ristrutturata. L’appartamento al piano terzo con ascensore è composto da ingresso, soggiorno doppio con zona pranzo, due camere da letto, cucina semi abitabile (verrà arredata a nuovo completa di elettrodomestici), 2 bagni.  Tutti i servizi e i locali della casa sono finestrati, 5 balconi, 3 ripostigli e 2 armadi a muro. per essere una mansarda le spiovenze minime non vanno mai sotto i 2 metri e non ci sono velux, solo porte finestre, massima luminosità quindi. L’appartamento è dotato d","centralizzato, a radiatori, alimentato a metano","autonomo, freddo/caldo",45.4698,9.1473,Lombardia,Milano,"Fiera, Sempione, City Life, Portello",De Angeli,Milano,IT
106983949,https://www.immobiliare.it/annunci/106983949/,rent,agenzia,https://www.immobiliare.it/agenzie-immobiliari/73937/prestige-solutions-milano/,Prestige Solutions,0,0,0,€ 1.550/mese,1550,1,1,5,"5°, con ascensore",5 piani,Ottimo / Ristrutturato,2,1,50,50 m²,Appartamento,Via Vespucci proponiamo ottimo due locali di 50 mq,Residenziale,"Porta nuova / Piazzale Gae Aulenti/Unicredit, precisamente in via Vespucci (ad. MM Repubblica/Garibaldi) a due passi da Brera e da isola proponiamo ottimo due locali di 50 mq ca. open space in contesto d'epoca signorile al 5° ed ultimo piano (con ascensore) così composto: ingresso, disimpegno, soggiorno con cucina a vista completamente attrezzata anche di lavatrice/asciugatrice, camera matrimoniale a vista, bagno (con doccia), oltre ampio solaio.
Completano la soluzione l'impianto di climatizzazione e il riscaldamento autonomo.
Imbiancato a nuovo.
CONTRATTO TRANSITORIO MAX 18 MESI
LIBERO SUBITO!
Prestige Solutions Antonella 3471098758

Affermata realtà di intermediazione immobiliare, con esperienza decennale sviluppata a Milano e nell'hinterland milanese. 
Garantiamo l'ausilio di professio","autonomo, a radiatori, alimentato a gas","autonomo, freddo",45.4808,9.1927,Lombardia,Milano,"Garibaldi, Moscova, Porta Nuova",Porta Nuova,Milano,IT
104392073,https://www.immobiliare.it/annunci/104392073/,rent,agenzia,https://www.immobiliare.it/agenzie-immobiliari/384428/dils-living/,Dils Living,0,0,0,€ 1.840/mese,1840,2,3,1,"1°, con ascensore",11 piani,Nuovo / In costruzione,4,1,116,116 m²,Appartamento,"CA’ VILLAGE. NUOVO, DINAMICO, SOLO IN AFFITTO.",Residenziale,"Benvenuti a Ca' Village: un nuovo modo di vivere l’affitto comincia da qui!

Scegli ora la tua nuova casa: appartamenti SUBITO DISPONIBILI. 
Canone mensile a partire da 1.840 €*, inclusivo di BOX AUTO e cantina di pertinenza.

Situato nel cuore di uno dei progetti di rinascita urbana più ambiziosi di Milano, Ca' Village si trova immerso nella natura del parco di Cascina Merlata. Questa struttura di nuova costruzione è strategicamente posizionata, a breve distanza dalle stazioni della metropolitana M1 San Leonardo e Molino Dorino, che collegano il quartiere al cuore pulsante della città. Qui potrai abbracciare la tranquillità del parco, esplorare numerose piste ciclabili e abitare un quartiere all'avanguardia, dotato di servizi di prima classe, tra cui il centro commerciale Merlata Bloom, i","centralizzato, a pavimento, alimentato a teleriscaldamento","centralizzato, freddo/caldo",45.5074,9.1023,Lombardia,Milano,"Viale Certosa, Cascina Merlata",Cascina Merlata - Musocco,Milano,IT
105682471,https://www.immobiliare.it/annunci/105682471/,rent,agenzia,https://www.immobiliare.it/agenzie-immobiliari/416557/abitareco-milano/,Abitare Co. - Via Tolstoi,0,0,0,€ 2.020/mese,2020,2,2,2,"2°, con ascensore",9 piani,Ottimo / Ristrutturato,3,1,103,103 m²,Appartamento,AMPIO TRILOCALE CON BALCONE - ZONA TORTONA/SAVONA,Residenziale,"Via Tolstoi – a due passi dalla zona Tortona/Savona, tra i navigli e l’imminente MM4 TOLSTOJ, disponibile in locazione TRILOCALE di 83 mq RISTRUTTURATO, in contesto signorile completamente riqualificato in classe A, immerso in un parco ad uso esclusivo, con servizio di portineria e deposito biciclette con ricarica elettrica.
Appartamento molto luminoso, posto al 2° piano, composto da ampio ingresso, cucina semi-abitabile con balcone, soggiorno, camera matrimoniale, camera singola, bagno e lavanderia. 
Affaccio sul parco ad uso esclusivo.
L'appartamento verrà consegnato con arredo fisso (cucina e bagni) con possibilità di acquistare l’arredo completo scontato e completamente personalizzabile
Contratto 4+4
*Le foto sono puramente indicative e non costituiscono vincolo contrattuale
L’unità è ","centralizzato, a radiatori, alimentato a metano","centralizzato, freddo",45.4556,9.1488,Lombardia,Milano,"Napoli, Soderini",Tripoli - Soderini,Milano,IT
104387153,https://www.immobiliare.it/annunci/104387153/,rent,agenzia,https://www.immobiliare.it/agenzie-immobiliari/384428/dils-living/,Dils Living,0,0,0,€ 1.350/mese,1350,1,2,3,"3°, con ascensore",11 piani,Nuovo / In costruzione,3,1,80,80 m²,Appartamento,"CA’ VILLAGE. NUOVO, DINAMICO, SOLO IN AFFITTO.",Residenziale,"Benvenuti a Ca' Village: un nuovo modo di vivere l’affitto comincia da qui!

Scegli ora la tua nuova casa: appartamenti SUBITO DISPONIBILI!
Canone mensile a partire da 1.350 €*, inclusivo di BOX AUTO e cantina di pertinenza.

Situato nel cuore di uno dei progetti di rinascita urbana più ambiziosi di Milano, Ca' Village si trova immerso nella natura del parco di Cascina Merlata. Questa struttura di nuova costruzione è strategicamente posizionata, a breve distanza dalle stazioni della metropolitana M1 San Leonardo e Molino Dorino, che collegano il quartiere al cuore pulsante della città. Qui potrai abbracciare la tranquillità del parco, esplorare numerose piste ciclabili e abitare un quartiere all'avanguardia, dotato di servizi di prima classe, tra cui il centro commerciale Merlata Bloom, il","centralizzato, a pavimento, alimentato a teleriscaldamento","centralizzato, freddo/caldo",45.5075,9.1023,Lombardia,Milano,"Viale Certosa, Cascina Merlata",Cascina Merlata - Musocco,Milano,IT
105684699,https://www.immobiliare.it/annunci/105684699/,rent,agenzia,https://www.immobiliare.it/agenzie-immobiliari/416557/abitareco-milano/,Abitare Co. - Via Tolstoi,0,0,0,€ 2.100/mese,2100,2,2,1,"1°, con ascensore",9 piani,Ottimo / Ristrutturato,3,1,111,111 m²,Appartamento,AMPIO TRILOCALE ZONA TORTONA/SAVONA,Residenziale,"A due passi dalla zona Tortona/Savona, tra i navigli e l’imminente MM4 TOLSTOJ, disponibile in locazione TRILOCALE di 89 mq RISTRUTTURATO, in contesto signorile completamente riqualificato in classe A, immerso in un parco ad uso esclusivo, con servizio di portineria e deposito biciclette con ricarica elettrica.
Appartamento molto luminoso, posto al 1° piano, composto da spazioso ingresso, ampio soggiorno, cucina semi-abitabile, camera matrimoniale, seconda camera, 2 bagni e lavanderia.
Affaccio sul parco ad uso esclusivo.
L'appartamento verrà consegnato con arredo fisso (cucina e bagni) con possibilità di acquistare l’arredo completo scontato e completamente personalizzabile..
Contratto 4+4.
*Le foto sono puramente indicative e non costituiscono vincolo contrattuale.
L’unità è commercializ","centralizzato, a radiatori, alimentato a metano","centralizzato, freddo",45.4556,9.1488,Lombardia,Milano,"Napoli, Soderini",Tripoli - Soderini,Milano,IT
107253629,https://www.immobiliare.it/annunci/107253629/,rent,agenzia,https://www.immobiliare.it/agenzie-immobiliari/384428/dils-living/,Dils Living,0,1,0,€ 2.190/mese,2190,2,3,4,"4°, con ascensore",11 piani,Nuovo / In costruzione,4,1,132,132 m²,Appartamento,"CA’ VILLAGE. NUOVO, DINAMICO, SOLO IN AFFITTO.",Residenziale,"Benvenuti a Ca' Village: un nuovo modo di vivere l’affitto comincia da qui!

Scegli ora la tua nuova casa: appartamenti SUBITO DISPONIBILI!

Canone mensile a partire da 2.190 €*, inclusivo di BOX AUTO e CANTINA di pertinenza.

Situato nel cuore di uno dei più ambiziosi progetti di rigenerazione urbana a Milano, Ca' Village si trova nell'abbraccio verde del parco di Cascina Merlata. Questo edificio di nuova costruzione si trova in un’ottima location, a breve distanza dalle stazioni della metropolitana M1 San Leonardo e Molino Dorino, che collegano il quartiere al centro della città. Goditi la tranquillità del parco, esplora le numerose piste ciclabili e sperimenta un quartiere all'avanguardia con servizi di prima classe, tra cui il centro commerciale Merlata Bloom, il polo MIND, una nuova s","centralizzato, a pavimento, alimentato a teleriscaldamento","centralizzato, freddo/caldo",45.5074,9.1022,Lombardia,Milano,"Viale Certosa, Cascina Merlata",Cascina Merlata - Musocco,Milano,IT
105684193,https://www.immobiliare.it/annunci/105684193/,rent,agenzia,https://www.immobiliare.it/agenzie-immobiliari/416557/abitareco-milano/,Abitare Co. - Via Tolstoi,0,0,0,€ 2.270/mese,2270,1,2,8,"8°, con ascensore",9 piani,Ottimo / Ristrutturato,3,1,106,106 m²,Appartamento,AMPIO TRILOCALE CON BALCONE - ZONA SAVONA/TORTONA,Residenziale,"A due passi dalla zona Tortona/Savona, tra i navigli e l’imminente MM4 TOLSTOJ, disponibile in locazione TRILOCALE di 87 mq RISTRUTTURATO, in contesto signorile completamente riqualificato in classe A, immerso in un parco ad uso esclusivo, con servizio di portineria e deposito biciclette con ricarica elettrica.
Appartamento molto luminoso, posto al 8° piano, composto da ingresso, cucina abitabile con balcone, disimpegno con armadiatura, ampio soggiorno, camera padronale, camera singola, bagno e lavanderia. 
Affaccio sul parco ad uso esclusivo
L'appartamento verrà consegnato con arredo fisso (cucina e bagni) con possibilità di acquistare l’arredo completo scontato e completamente personalizzabile.
Contratto 4+4
*Le foto sono puramente indicative e non costituiscono vincolo contrattuale
L’un","centralizzato, a radiatori, alimentato a metano","centralizzato, freddo",45.4556,9.1488,Lombardia,Milano,"Napoli, Soderini",Tripoli - Soderini,Milano,IT
107254123,https://www.immobiliare.it/annunci/107254123/,rent,agenzia,https://www.immobiliare.it/agenzie-immobiliari/384428/dils-living/,Dils Living,0,1,0,€ 1.690/mese,1690,2,2,4,"4°, con ascensore",11 piani,Nuovo / In costruzione,3,1,100,100 m²,Appartamento,"CA’ VILLAGE. NUOVO, DINAMICO, SOLO IN AFFITTO.",Residenziale,"Benvenuti a Ca' Village: un nuovo modo di vivere l’affitto comincia da qui!

Scegli ora la tua nuova casa: appartamenti SUBITO DISPONIBILI
Canone mensile a partire da 1.690 €*, inclusivo di BOX AUTO e CANTINA di pertinenza.

Situato nel cuore di uno dei più ambiziosi progetti di rigenerazione urbana a Milano, Ca' Village si trova nell'abbraccio verde del parco di Cascina Merlata. Questo edificio di nuova costruzione si trova in un’ottima location, a breve distanza dalle stazioni della metropolitana M1 San Leonardo e Molino Dorino, che collegano il quartiere al centro della città. Goditi la tranquillità del parco, esplora le numerose piste ciclabili e sperimenta un quartiere all'avanguardia con servizi di prima classe, tra cui il centro commerciale Merlata Bloom, il polo MIND, una nuova scu","centralizzato, a pavimento, alimentato a teleriscaldamento","centralizzato, freddo/caldo",45.5075,9.1023,Lombardia,Milano,"Viale Certosa, Cascina Merlata",Cascina Merlata - Musocco,Milano,IT
106946937,https://www.immobiliare.it/annunci/106946937/,rent,agenzia,https://www.immobiliare.it/agenzie-immobiliari/63878/john-taylor-italia/,John Taylor Italia,0,0,0,€ 5.000/mese,5000,2,4,4,"4°, con ascensore",4 piani,Ottimo / Ristrutturato,,1,240,240 m²,Appartamento,PIAZZA RISORGIMENTO AD.ZE INDIPENDENZA DATEO PLEBISCITI,Residenziale,"PIAZZA RISORGIMENTO AD.ZE INDIPENDENZA GOLDONI DATEO PLEBISCITI
Libera, in contesto signorile d’epoca con servizio di portineria, elegante abitazione on 2 accessi, piano alto di grande charme, splendidi e preziosi arredi, ben disposta, molto luminosa e silenziosa di mq 240 ca. composta da: ampio ingresso, soggiorno triplo, grande cucina abitabile, 4 camere, ripostigli e 2 bagni, ampia cantina, ampi balconi e box. € 5.000,00.  

John Taylor Luxury Real Estate since 1864
Filiali Milano:
Via Aurelio Saffi, 26
Via Senato, 45
tel. +39 02 4819 9464

John Taylor Agencies: 
AIX-EN-PROVENCE • CANNES • DOHA • GSTAAD • LAUSANNE • LISBONA • MADRID CHAMARTIN • MADRID SALAMANCA • MILAN •MONACO • PARIS • ST JEAN CAP FERRAT• ST PAUL DE VENCE • ST TROPEZ • VALBONNE• VERBIER

JOHN TAYLOR - SAFFI
L’agenzia J","centralizzato, a radiatori, alimentato a metano","autonomo, freddo/caldo",45.4679,9.22,Lombardia,Milano,"Città Studi, Susa",Plebisciti - Susa,Milano,IT
107252425,https://www.immobiliare.it/annunci/107252425/,rent,agenzia,https://www.immobiliare.it/agenzie-immobiliari/73937/prestige-solutions-milano/,Prestige Solutions,0,1,0,€ 1.850/mese,1850,1,1,5,"5°, con ascensore",7 piani,Buono / Abitabile,2,1,65,65 m²,Appartamento,MM.MOSCOVA BILOCALE 65mq molto luminoso,Residenziale,"Via della Moscova / Largo la foppa (MM Moscova 30 metri), proponiamo in locazione appartamento di due locali (65mq ca.) molto luminoso, in stabile signorile con servizio di portineria tutto il giorno piano 5° con ascensore, composto da: ingresso, soggiorno con cucina a vista (completamente attrezzata), camera matrimoniale, bagno e balcone.
L'appartamento viene consegnato arredato, dotato di impianto di condizionamento e riscaldamento centralizzato (Spese condominio 250,00 €/mese).
Libero dal 01/01/2024

Prestige Solutions 3471098758

Affermata realtà di intermediazione immobiliare, con esperienza decennale sviluppata a Milano e nell'hinterland milanese. Garantiamo l'ausilio di professionisti qualificati che vi affiancheranno nella scelta della vostra casa ideale, da acquistare, vendere od ","centralizzato, a radiatori, alimentato a metano","autonomo, freddo/caldo",45.4781,9.1834,Lombardia,Milano,"Garibaldi, Moscova, Porta Nuova",Moscova,Milano,IT
105700095,https://www.immobiliare.it/annunci/105700095/,rent,agenzia,https://www.immobiliare.it/agenzie-immobiliari/42221/d-addario-e-partners-milano/,"D'Addario, Carnabuci & Partners",0,0,0,€ 6.500/mese,6500,2,4,3,"3°, con ascensore",6 piani,Buono / Abitabile,5,1,240,240 m²,Appartamento,AMPIO ED ELEGANTE APPARTAMENTO - ZONA BRERA,Residenziale,"BRERA - In una delle zone più rinomate della città, in Brera, nel cuore del Centro Storico della città, a pochi passi da Piazza San Marco, precisamente in Via Fatebenefratelli 5, all'interno di uno uno stabile signorile con servizio di portineria intera giornata ed ascensore, proponiamo in locazione un prestigioso plurilocale di 240 mq posto al piano terzo. L'immobile si sviluppa attraverso un ingresso che conduce ad un ampio e profondo corridoio dalla quale si accede ad un ampio soggiorno caratterizzato da tre punti luce, pavimenti originali e delle meravigliose boiserie sulle pareti, una cucina abitabile con accesso ad un balcone collegata inoltre ad una zona lavanderia/ripostiglio, quattro camere da letto, un ripostiglio e due bagni entrambi finestrati di cui uno con accesso ad un prati","centralizzato, a radiatori, alimentato a gas",,45.4733,9.1906,Lombardia,Milano,"Garibaldi, Moscova, Porta Nuova",Turati,Milano,IT
105920795,https://www.immobiliare.it/annunci/105920795/,rent,agenzia,https://www.immobiliare.it/agenzie-immobiliari/140638/cusani/,Cusani10 Luxury Real Estate - Partner of L’Immobiliare.com - Milano Lanza,0,0,0,€ 1.150/mese,1150,1,1,2,2°,4 piani,Buono / Abitabile,2,0,45,45 m²,Appartamento,Locazione Bilocale Via Aristotile Fioravanti/Ad. Paolo Sarpi,Residenziale,"Ad. Paolo Sarpi – Monumentale, in stabile vecchia Milano completamente ristrutturato, proponiamo in locazione ottimo bilocale al secondo piano composto da ingresso, living con cucina a vista, camera con ampia cabina armadio e bagno.

Perfette condizioni interne. Esposizione interna.

Spese condominiali € 220,00 mensili comprensive di WI-Fi, tassa rifiuti e pulizie.

Riscaldamento autonomo. Beni di prima necessità a pochi passi.

MM Monumentale (Linea Lilla) a 600 m, oltre i vari mezzi in superficie.

Disponibile da subito.","autonomo, a radiatori, alimentato a metano",predisposizione impianto,45.4825,9.1763,Lombardia,Milano,"Cenisio, Sarpi, Isola",Paolo Sarpi,Milano,IT
106932313,https://www.immobiliare.it/annunci/106932313/,rent,agenzia,https://www.immobiliare.it/agenzie-immobiliari/63878/john-taylor-italia/,John Taylor Italia,0,0,0,€ 4.200/mese,4200,2,2,7,"7°, con ascensore",8 piani,Ottimo / Ristrutturato,5,1,130,130 m²,Appartamento,VIALE BIANCA MARIA AD.ZE,Residenziale,"Libera, in elegante contesto con servizio di portineria, Nuova, panoramica abitazione mai abitata di grande charme, mq. 120 ca, molto silenziosa e luminosa, finemente ristrutturata con finiture di grande pregio, composta da: ingresso, ampio salone doppio con splendido affaccio, cucina abitabile arredata, due ampie camere matrimoniali, doppi servizi padronali Dotata di ogni confort. Canone mensile €. 4.200,00. Completa la proprietà la possibilità di un ampio box e deposito nel palazzo.  Classe D.

John Taylor Luxury Real Estate since 1864
Filiali Milano:
Via Aurelio Saffi, 26
Via Senato, 45
tel. +39 02 4819 9464

John Taylor Agencies: 
AIX-EN-PROVENCE • CANNES • DOHA • GSTAAD • LAUSANNE • LISBONA • MADRID CHAMARTIN • MADRID SALAMANCA • MILAN •MONACO • PARIS • ST JEAN CAP FERRAT• ST PAUL DE ","centralizzato, a radiatori, alimentato a gas","autonomo, freddo/caldo",45.4653,9.2063,Lombardia,Milano,"Porta Venezia, Indipendenza",Piave - Tricolore,Milano,IT
106329643,https://www.immobiliare.it/annunci/106329643/,rent,agenzia,https://www.immobiliare.it/agenzie-immobiliari/99002/la-casa-patella-milano/,La Casa Patella Servizi Immobiliari,0,0,0,€ 1.700/mese,1700,1,1,2,"2°, con ascensore",4 piani,Ottimo / Ristrutturato,2,1,55,55 m²,Appartamento,"Indipendenza, Via Ozieri bilocale 55 mq arredato e corredato",Residenziale,"Nella prestigiosa zona di Corso Indipendenza, nella tranquilla Via Privata Ozieri, proponiamo in locazione, splendido bilocale 55 mq di grande charme, situato al secondo piano di un piccolo palazzo d'epoca con ascensore. L'appartamento è composto da ingresso, ampio soggiorno con zona cucina separata, camera matrimoniale con bagno en-suite e balcone, ripostiglio/lavanderia ed è stato oggetto di un integrale restauro a cura di un celebre architetto il cui ""segno distintivo è la capacità di coniugare il gusto della memoria estetica con quello più contemporaneo"", riuscendo a recuperare ogni dettaglio d'epoca e accostandolo ad una rivisitazione Vintage d'autore. Tutti gli arredi sono realizzati su misura, come il grande guardaroba nel soggiorno, opera originale disegnata da Giò Ponti, e nella c","centralizzato, a radiatori, alimentato a gas","centralizzato, freddo/caldo",45.4655,9.2221,Lombardia,Milano,"Città Studi, Susa",Plebisciti - Susa,Milano,IT
107305459,https://www.immobiliare.it/annunci/107305459/,rent,agenzia,https://www.immobiliare.it/agenzie-immobiliari/237650/milano-porta-romana/,Iconacasa Milano Porta Romana,0,0,0,€ 1.950/mese,1950,1,3,1,1°,4 piani,Buono / Abitabile,4,0,90,90 m²,Appartamento,QUADRILOCALE DISPONIBILE DA SUBITO!,Residenziale,"STAI CERCANDO UN APPARTAMENTO DISPONIBILE DA SUBITO ? ICONACASA PORTA ROMANA PROPONE IN LOCAZIONE quadrilocale completamento arreddato perfetto per studenti.

INTERNO: L'appartamento è composto da tre camere da letto ogni camera è attrezzata con scrivania e letto matrimoniale, balcone privato con tavolino, ampio armadio per riporre tutto il necessario, zona living comune con cucina completa di lavastoviglie, infine bagno finestrato con lava-asciuga. Prezzo a camera €650+ 50 di spese condominiali.

ESTERNO: Il condominio offre un servizio di portineria mezza giornata.

POSIZIONE: L'immobile è situato in una posizione strategica poichè si trova in una traversa di via Ripamonti che è collegata direttamente con la zona della Bocconi col tram 24 in pochi minuti (15-20), inoltre nelle immediate ","centralizzato, a radiatori",,45.4376,9.1971,Lombardia,Milano,"Ripamonti, Vigentino",Ripamonti,Milano,IT
106226547,https://www.immobiliare.it/annunci/106226547/,rent,agenzia,https://www.immobiliare.it/agenzie-immobiliari/384080/abitareco-milano-mp/,ABITARE CO.,0,0,0,€ 3.360/mese,3360,2,2,9,"9°, con ascensore",9 piani,Ottimo / Ristrutturato,3,1,108,108 m²,Appartamento,TRILOCALE CON TERRAZZI - CITY LIFE - ONPLACE MILANO,Residenziale,"Via Ruggero di Lauria - all'interno del suggestivo quartiere di City Life, in elegante stabile in fase di riqualificazione, a breve distanza dalla metropolitana M5 di Portello, proponiamo in locazione TRILOCALE di 108 mq DI NUOVA REALIZZAZIONE, in contesto signorile giardino condominiale, servizio di Conciergerie, Area Fitness, Area Co-working.
L'appartamento, posto al 9° e ultimo piano, è composto da ampio ingresso, luminoso soggiorno con cucina a vista e terrazzo di 12 mq, bagno con zona lavanderia e doccia, camera singola, camera padronale con bagno en suite e terrazzino.
Esposizione Nord-Sud.
Cantina, e possibilità box nello stabile.
L'immobile verrà consegnato completamente arredato a nuovo.
Contratto 4+4
Per maggiori informazioni visita il sito www.onplacemilano.it
Per fissare un app","autonomo, a pavimento, alimentazione elettrica","autonomo, freddo/caldo",45.4863,9.1565,Lombardia,Milano,"Fiera, Sempione, City Life, Portello",Sempione,Milano,IT
106458699,https://www.immobiliare.it/annunci/106458699/,rent,agenzia,https://www.immobiliare.it/agenzie-immobiliari/191451/immobili-di-prestigio-milano/,Living Milano,0,0,0,€ 3.900/mese,3900,3,4,3,"3°, con ascensore",9 piani,Ottimo / Ristrutturato,,1,230,230 m²,Appartamento,PRESTIGIOSO PLURILOCALE ARREDATO,Residenziale,"Milano Zona Amendola – City Life, Via Domenichino 7, Living Milano Immobiliare propone in locazione un appartamento di 230 mq c. a posto al terzo piano di un palazzo degli anni 70’, in ottimo contesto, con doppio ascensore e portineria full-time. L’immobile, in ottime condizioni interne con aria condizionata Daikin e riscaldamento centralizzato, infissi in doppio vetro, tapparelle elettriche e pavimenti in parquet e marmo ed è composto da un doppio ingresso con porta blindata, soggiorno triplo interamente vetrato sulla Via Domenichino, cucina abitabile, spaziosa e funzionale completa di elettrodomestici e balcone, tre camere da letto, di cui una dotata di cabina armadio, oltre ampio studio/camera con balcone e tre bagni (di cui uno con vasca idromassaggio), presenti locale lavanderia, ampi","centralizzato, a radiatori, alimentato a gas","autonomo, freddo/caldo",45.4733,9.1499,Lombardia,Milano,"Fiera, Sempione, City Life, Portello",Amendola - Buonarroti,Milano,IT
107179329,https://www.immobiliare.it/annunci/107179329/,rent,agenzia,https://www.immobiliare.it/agenzie-immobiliari/44797/royal-immobili-investimenti-milano/,Royal Immobili & Investimenti,0,1,0,€ 2.300/mese,2300,2,2,3,"3°, con ascensore",6 piani,Ottimo / Ristrutturato,3,1,130,130 m²,Appartamento,TRILOCALE completamente ARREDATO - TERZO PIANO,Residenziale,"Royal Immobili & Investimenti propone questo Trilocale al piano terzo di un bellissimo stabile d'epoca con ascensore e portineria intera giornata.
L'appartamento, si presenta completamente arredato con gusto e con mobili di recente acquisto.
Oltre all'ampio salone, è presente una cucina abitabile dotata di balcone, due camere da letto di cui una con il bagno en suite finestrato, un ripostiglio ed un bagno dalle generose dimensioni.
.
ARIA CONDIZIONATA CANALIZZATA","centralizzato, a radiatori, alimentato a gas","autonomo, freddo/caldo",45.4846,9.2076,Lombardia,Milano,"Centrale, Repubblica",Centrale,Milano,IT
106427707,https://www.immobiliare.it/annunci/106427707/,rent,agenzia,https://www.immobiliare.it/agenzie-immobiliari/122569/monti/,MONTI32 Immobili,0,0,0,€ 5.900/mese,5900,3,3,3,"3°, con ascensore",6 piani,Ottimo / Ristrutturato,4,1,190,190 m²,Appartamento,Elegante abitazione 190 mq MM Porta Venezia,Residenziale,"Corso Venezia  – MM Porta Venezia. In prestigioso contesto d’epoca dei primi del 1900 con servizio di portineria intera giornata, video sorveglianza ed ascensore, luminosa abitazione di 190 mq in tripla esposizione con affacci su Corso Venezia ed i Giardini Indro Montanelli. Composta da ingresso, salone doppio con affaccio sul verde, sala da pranzo, cucina abitabile, due camere matrimoniali con bagno privato, terza camera da letto, terzo servizio. Ottime condizioni interne, finiture d’epoca, arredato. Riscaldamento centralizzato, aria condizionata canalizzata. Porta blindata. Possibilità posto auto. Disponibile da Novembre 2023. Canone mensile € 5.900,00 + spese. Certificazione energetica G – 175 kWh/mqa. Per informazioni tel. 024984412 Monti32 Immobili www.monti32.it","centralizzato, a radiatori, alimentato a metano","autonomo, freddo/caldo",45.4739,9.2045,Lombardia,Milano,"Quadronno, Palestro, Guastalla",Palestro,Milano,IT
104443131,https://www.immobiliare.it/annunci/104443131/,rent,agenzia,https://www.immobiliare.it/agenzie-immobiliari/24685/l-immobiliare-milano-fiera-citylife/,L'IMMOBILIARE.COM - MILANO FIERA CITYLIFE,0,0,0,€ 1.050/mese,1050,1,1,1,"1°, con ascensore",8 piani,Ottimo / Ristrutturato,2,1,50,50 m²,Appartamento,Bilocale ristrutturato ed arredato a nuovo,Residenziale,"RIF.23006 In zona servitissima, posta tra le due fermate della MM1 Bande Nere e Primaticcio, in palazzo signorile proponiamo in locazione un bilocale posto al 1° piano. L'alloggio è composto da ingresso, soggiorno, cucinotto, bagno e camera matrimoniale, oltre ad uno spaziso e utile ripostiglio e ad ampio balcone fruibile.
I pavimenti sono in marmo.
Tutto l'appartamento è stato appena ristrutturato.
Completamente arredato a nuovo.
L'immobile si affaccia sui giardini interni e gode di una buona tranquillità.

Riscaldamento centralizzato.

L'affitto è di 1.050€/mese oltre alle spese condominiali di 250€/mese (riscaldamento compreso).

Per info e sopralluoghi:
L'immobiliare.com City Life
Milano P.le Arduino 1 - MM1 Amendola - MM5 Tre Torri
Tel. +39 02 8900173 === Mob. +39 331 1185220
milano.c","centralizzato, a radiatori, alimentato a metano",predisposizione impianto,45.4609,9.133,Lombardia,Milano,"Bande Nere, Inganni",Bande Nere,Milano,IT
64216332,https://www.immobiliare.it/annunci/64216332/,rent,agenzia,https://www.immobiliare.it/agenzie-immobiliari/72962/ducati-case-milano/,Ducati Case srl,0,0,0,€ 2.500/mese,2500,2,1,R,"Piano rialzato, con ascensore",2 piani,Ottimo / Ristrutturato,2,1,90,90 m²,Appartamento,Elegante appartamento in villa d'epoca,Residenziale,"Via Telesio: elegante appartamento in affitto posto al piano rialzato di circa 90 mq. in villa d'epoca affacciato sul verde.
Composto da: doppio ingresso, ampio soggiorno, pranzo, studio sul soppalco affacciato sul soggiorno, cucina abitabile arredata, camera, bagno, lavanderia/stireria arredata con armadi sul soppalco sopra la cucina.
Esposizione tripla, tranquillo e silenzioso, pavimenti in parquet, bagni in marmo, aria condizionata, immerso nel verde, in contesto residenziale di altre villette d'epoca con giardino, ben servito dai mezzi di superficie e dalla metropolitana linea rossa fermata Conciliazione, in elegante villa d'epoca del 1930.

Tutti i dati e le informazioni contenuti nel presente documento sono stati forniti dal venditore/proprietario e devono considerarsi come puramente","centralizzato, ad aria, alimentato a metano","centralizzato, freddo/caldo",45.4698,9.164,Lombardia,Milano,"Arco della Pace, Arena, Pagano",Pagano,Milano,IT
